{
    "f1": 0.9451182291584944,
    "accuracy": 0.9598017621145375,
    "precision": 0.9577367874659284,
    "recall": 0.9366470148034984
}