{
    "f1": 0.9464469759357002,
    "accuracy": 0.9595264317180616,
    "precision": 0.9530177778155637,
    "recall": 0.9449555393100864
}