{
    "f1": 0.9299171452129457,
    "accuracy": 0.9421806167400881,
    "precision": 0.9349310862251453,
    "recall": 0.9279580929640033
}